{
  "manifest": {
    "publishingInformation": {
      "locales": {
        "en-US": {
          "summary": "Learn fun facts about space.",
          "examplePhrases": [
            "Alexa open space facts",
            "Alexa ask space facts for a fact",
            "Alexa tell space facts to tell me trivia"
          ],
          "keywords": [
            "space",
            "facts",
            "trivia"
          ],
          "name": "Space Facts",
          "description": "Ask for Space Facts, and learn about what really matters, like dark matter.\n\nSpace Facts provides fun the whole family can enjoy and is guaranteed to make you smarter.\n\nTo start, just say \"Alexa, launch Space Facts\" or \"Alexa, open Space Facts\" to get a fact\".\n\nAt anytime, you can stop by saying \"Alexa, stop\""
        },
        "en-GB": {
          "summary": "Learn fun facts about space.",
          "examplePhrases": [
            "Alexa open space facts",
            "Alexa ask space facts for a fact",
            "Alexa tell space facts to tell me trivia"
          ],
          "keywords": [
            "space",
            "facts",
            "trivia"
          ],
          "name": "Space Facts",
          "description": "Ask for Space Facts, and learn about what really matters, like dark matter.\n\nSpace Facts provides fun the whole family can enjoy and is guaranteed to make you smarter.\n\nTo start, just say \"Alexa, launch Space Facts\" or \"Alexa, open Space Facts\" to get a fact\".\n\nAt anytime, you can stop by saying \"Alexa, stop\""
        },
        "en-AU": {
          "summary": "Learn fun facts about space.",
          "examplePhrases": [
            "Alexa open space facts",
            "Alexa ask space facts for a fact",
            "Alexa tell space facts to tell me trivia"
          ],
          "keywords": [
            "space",
            "facts",
            "trivia"
          ],
          "name": "Space Facts",
          "description": "Ask for Space Facts, and learn about what really matters, like dark matter.\n\nSpace Facts provides fun the whole family can enjoy and is guaranteed to make you smarter.\n\nTo start, just say \"Alexa, launch Space Facts\" or \"Alexa, open Space Facts\" to get a fact\".\n\nAt anytime, you can stop by saying \"Alexa, stop\""
        },
        "en-CA": {
          "summary": "Learn fun facts about space.",
          "examplePhrases": [
            "Alexa open space facts",
            "Alexa ask space facts for a fact",
            "Alexa tell space facts to tell me trivia"
          ],
          "keywords": [
            "space",
            "facts",
            "trivia"
          ],
          "name": "Space Facts",
          "description": "Ask for Space Facts, and learn about what really matters, like dark matter.\n\nSpace Facts provides fun the whole family can enjoy and is guaranteed to make you smarter.\n\nTo start, just say \"Alexa, launch Space Facts\" or \"Alexa, open Space Facts\" to get a fact\".\n\nAt anytime, you can stop by saying \"Alexa, stop\""
        },
        "en-IN": {
          "summary": "Learn fun facts about space.",
          "examplePhrases": [
            "Alexa open space facts",
            "Alexa ask space facts for a fact",
            "Alexa tell space facts to tell me trivia"
          ],
          "keywords": [
            "space",
            "facts",
            "trivia"
          ],
          "name": "Space Facts",
          "description": "Ask for Space Facts, and learn about what really matters, like dark matter.\n\nSpace Facts provides fun the whole family can enjoy and is guaranteed to make you smarter.\n\nTo start, just say \"Alexa, launch Space Facts\" or \"Alexa, open Space Facts\" to get a fact\".\n\nAt anytime, you can stop by saying \"Alexa, stop\""
        }
      },
      "isAvailableWorldwide": true,
      "testingInstructions": "Sample Testing Instructions.",
      "category": "EDUCATION_AND_REFERENCE",
      "distributionCountries": []
    },
    "apis": {
      "custom": {
        "endpoint": {
          "sourceDir": "lambda/custom"
        }
      }
    },
    "manifestVersion": "1.0"
  }
}
